time,open,high,low,close,tick_volume,spread,real_volume
2024-08-12 12:00:00,2441.594,2460.771,2441.496,2459.865,41884,0,0
2024-08-12 16:00:00,2459.855,2472.279,2459.014,2470.558,23253,0,0
2024-08-12 20:00:00,2470.531,2476.118,2470.236,2475.621,8844,0,0
2024-08-13 00:00:00,2475.665,2477.048,2460.912,2463.529,27077,0,0
2024-08-13 04:00:00,2463.597,2466.261,2458.578,2464.345,22163,0,0
2024-08-13 08:00:00,2464.386,2466.692,2458.918,2465.853,21481,0,0
2024-08-13 12:00:00,2465.882,2475.762,2458.951,2468.712,43828,0,0
2024-08-13 16:00:00,2468.685,2471.171,2462.32,2466.996,20971,0,0
2024-08-13 20:00:00,2467.006,2467.924,2463.027,2464.144,8138,0,0
2024-08-14 00:00:00,2464.189,2472.574,2455.356,2460.877,29954,0,0
2024-08-14 04:00:00,2460.9,2471.987,2459.343,2470.934,23575,0,0
2024-08-14 08:00:00,2470.906,2478.874,2468.761,2474.78,24991,0,0
2024-08-14 12:00:00,2474.82,2480.172,2442.093,2444.109,83207,0,0
2024-08-14 16:00:00,2444.057,2448.534,2438.08,2447.284,26555,0,0
2024-08-14 20:00:00,2447.215,2449.567,2446.518,2449.493,7638,0,0
2024-08-15 00:00:00,2449.48,2454.421,2448.295,2453.766,25029,0,0
2024-08-15 04:00:00,2453.794,2458.859,2450.365,2455.795,23677,0,0
2024-08-15 08:00:00,2455.785,2464.232,2453.616,2463.618,21915,0,0
2024-08-15 12:00:00,2463.665,2470.179,2432.179,2458.424,87837,0,0
2024-08-15 16:00:00,2458.479,2461.715,2453.485,2455.651,23413,0,0
2024-08-15 20:00:00,2455.605,2458.344,2454.481,2457.383,7787,0,0
2024-08-16 00:00:00,2457.394,2460.142,2450.785,2452.549,21164,0,0
2024-08-16 04:00:00,2452.505,2464.594,2451.154,2462.068,20368,0,0
2024-08-16 08:00:00,2462.137,2472.399,2459.194,2472.198,22998,0,0
2024-08-16 12:00:00,2472.159,2500.604,2471.336,2491.776,64361,0,0
2024-08-16 16:00:00,2491.815,2509.083,2491.736,2507.947,26108,0,0
2024-08-16 20:00:00,2508.0,2509.867,2505.624,2507.905,4248,0,0
2024-08-18 20:00:00,2506.548,2506.865,2502.358,2506.501,7373,4,0
2024-08-19 00:00:00,2506.507,2506.859,2495.021,2503.307,31708,4,0
2024-08-19 04:00:00,2503.288,2505.271,2498.855,2503.08,24459,4,0
2024-08-19 08:00:00,2503.033,2507.268,2486.571,2494.478,24543,4,0
2024-08-19 12:00:00,2494.503,2506.035,2485.702,2504.022,41630,4,0
2024-08-19 16:00:00,2503.985,2507.57,2500.721,2505.525,20477,4,0
2024-08-19 20:00:00,2505.589,2505.724,2502.131,2503.632,6382,4,0
2024-08-20 00:00:00,2503.642,2508.376,2498.72,2501.865,22158,4,0
2024-08-20 04:00:00,2501.877,2515.31,2497.37,2514.965,22084,4,0
2024-08-20 08:00:00,2514.992,2527.259,2514.381,2526.311,29226,4,0
2024-08-20 12:00:00,2526.354,2531.755,2505.847,2508.606,56704,4,0
2024-08-20 16:00:00,2508.637,2515.609,2500.917,2515.041,25994,0,0
2024-08-20 20:00:00,2515.084,2517.027,2512.814,2513.054,7084,0,0
2024-08-21 00:00:00,2513.066,2520.032,2510.866,2517.476,22783,0,0
2024-08-21 04:00:00,2517.523,2519.707,2508.149,2509.841,22351,0,0
2024-08-21 08:00:00,2509.813,2513.411,2504.508,2511.913,21833,0,0
2024-08-21 12:00:00,2511.871,2513.823,2493.759,2508.5,57846,0,0
2024-08-21 16:00:00,2508.459,2519.257,2503.141,2511.649,25185,0,0
2024-08-21 20:00:00,2511.603,2514.514,2509.849,2512.873,7338,0,0
2024-08-22 00:00:00,2512.822,2514.791,2499.942,2502.419,23446,0,0
2024-08-22 04:00:00,2502.434,2510.687,2499.274,2507.192,23545,0,0
2024-08-22 08:00:00,2507.194,2509.212,2498.151,2499.534,23910,0,0
2024-08-22 12:00:00,2499.592,2504.271,2470.891,2481.884,58533,0,0
2024-08-22 16:00:00,2481.932,2486.04,2478.581,2483.073,23843,0,0
2024-08-22 20:00:00,2483.111,2487.672,2482.463,2487.654,6697,0,0
2024-08-23 00:00:00,2487.664,2493.843,2486.559,2493.26,22979,0,0
2024-08-23 04:00:00,2493.243,2495.844,2490.63,2493.474,20398,0,0
2024-08-23 08:00:00,2493.428,2502.592,2493.081,2501.661,21266,0,0
2024-08-23 12:00:00,2501.647,2518.44,2494.543,2509.935,63322,0,0
2024-08-23 16:00:00,2509.974,2513.332,2501.796,2510.862,26798,0,0
2024-08-23 20:00:00,2510.835,2512.55,2509.622,2512.447,3097,0,0
2024-08-25 20:00:00,2512.147,2516.763,2511.148,2515.997,7415,0,0
2024-08-26 00:00:00,2515.983,2517.081,2509.41,2509.849,23813,0,0
2024-08-26 04:00:00,2509.819,2521.9,2508.726,2521.488,23382,0,0
2024-08-26 08:00:00,2521.492,2526.986,2520.782,2526.613,24232,0,0
2024-08-26 12:00:00,2526.547,2527.089,2510.658,2515.862,47547,0,0
2024-08-26 16:00:00,2515.867,2523.471,2513.598,2518.249,21735,0,0
2024-08-26 20:00:00,2518.286,2519.175,2515.486,2515.591,5986,0,0
2024-08-27 00:00:00,2515.592,2516.789,2505.896,2509.053,22336,0,0
2024-08-27 04:00:00,2509.088,2517.641,2504.655,2505.068,26075,0,0
2024-08-27 08:00:00,2504.965,2513.825,2503.536,2511.559,26398,0,0
2024-08-27 12:00:00,2511.524,2520.46,2503.516,2512.214,48508,0,0
2024-08-27 16:00:00,2512.187,2526.018,2509.91,2525.177,23153,0,0
2024-08-27 20:00:00,2525.142,2529.123,2523.86,2525.349,8417,0,0
2024-08-28 00:00:00,2525.303,2525.893,2513.248,2515.941,21493,0,0
2024-08-28 04:00:00,2515.904,2516.24,2503.299,2510.064,20548,0,0
2024-08-28 08:00:00,2510.022,2511.512,2500.77,2501.565,23934,0,0
2024-08-28 12:00:00,2501.525,2510.769,2493.578,2506.221,46293,0,0
2024-08-28 16:00:00,2506.262,2509.671,2496.444,2507.687,24076,0,0
2024-08-28 20:00:00,2507.723,2508.783,2502.84,2508.19,9898,0,0
2024-08-29 00:00:00,2508.16,2516.851,2508.057,2516.623,21228,0,0
2024-08-29 04:00:00,2516.671,2521.244,2513.886,2519.171,21931,0,0
2024-08-29 08:00:00,2519.205,2524.526,2515.123,2519.963,26137,0,0
2024-08-29 12:00:00,2519.954,2525.776,2503.638,2522.615,54558,0,0
2024-08-29 16:00:00,2522.587,2528.749,2517.498,2521.258,24608,0,0
2024-08-29 20:00:00,2521.296,2522.393,2518.974,2519.693,6693,0,0
2024-08-30 00:00:00,2519.68,2520.133,2512.372,2513.637,21045,0,0
2024-08-30 04:00:00,2513.613,2524.183,2512.22,2519.449,25286,0,0
2024-08-30 08:00:00,2519.436,2526.994,2515.067,2519.603,23783,0,0
2024-08-30 12:00:00,2519.565,2524.84,2500.313,2502.581,63695,0,0
2024-08-30 16:00:00,2502.545,2506.125,2494.166,2502.423,30945,0,0
2024-08-30 20:00:00,2502.384,2503.658,2501.918,2503.422,3429,0,0
2024-09-01 20:00:00,2502.565,2504.84,2502.022,2503.06,5448,0,0
2024-09-02 00:00:00,2503.063,2505.06,2490.057,2496.308,25628,0,0
2024-09-02 04:00:00,2496.288,2501.537,2495.271,2498.237,21574,0,0
2024-09-02 08:00:00,2498.289,2507.39,2497.162,2499.894,22661,0,0
2024-09-02 12:00:00,2499.854,2503.311,2497.752,2501.565,22586,0,0
2024-09-02 16:00:00,2501.57,2501.982,2498.661,2500.165,4070,0,0
2024-09-02 20:00:00,2499.63,2499.813,2496.57,2497.322,3832,0,0
2024-09-03 00:00:00,2497.327,2497.781,2489.74,2494.797,24470,0,0
2024-09-03 04:00:00,2494.869,2502.131,2492.808,2500.923,23132,0,0
2024-09-03 08:00:00,2500.889,2506.327,2484.698,2489.778,31488,0,0
2024-09-03 12:00:00,2489.77,2502.356,2473.362,2488.433,80885,0,0
2024-09-03 16:00:00,2488.41,2494.478,2483.959,2492.095,22590,0,0
2024-09-03 20:00:00,2492.045,2494.844,2491.398,2493.303,7758,0,0
2024-09-04 00:00:00,2493.28,2497.03,2491.373,2495.096,20659,0,0
2024-09-04 04:00:00,2495.138,2496.877,2482.001,2482.257,24347,0,0
2024-09-04 08:00:00,2482.252,2491.332,2471.906,2489.257,33197,0,0
2024-09-04 12:00:00,2489.22,2500.346,2482.136,2494.064,59843,0,0
2024-09-04 16:00:00,2494.038,2498.103,2491.512,2493.504,20662,0,0
2024-09-04 20:00:00,2493.461,2497.031,2492.912,2495.909,7108,0,0
2024-09-05 00:00:00,2495.907,2499.415,2494.543,2494.948,19007,0,0
2024-09-05 04:00:00,2494.915,2507.703,2493.839,2506.45,22995,0,0
2024-09-05 08:00:00,2506.488,2518.455,2505.995,2515.279,29365,0,0
2024-09-05 12:00:00,2515.308,2523.654,2503.877,2507.234,68395,0,0
2024-09-05 16:00:00,2507.259,2516.934,2506.154,2514.894,22235,0,0
2024-09-05 20:00:00,2514.937,2518.091,2514.882,2517.362,6585,0,0
2024-09-06 00:00:00,2517.357,2518.554,2513.127,2518.301,18788,0,0
2024-09-06 04:00:00,2518.337,2521.921,2516.358,2516.633,21452,0,0
2024-09-06 08:00:00,2516.596,2520.444,2514.749,2516.343,20925,0,0
2024-09-06 12:00:00,2516.382,2529.312,2500.483,2505.464,115927,0,0
2024-09-06 16:00:00,2505.44,2505.962,2485.144,2496.058,54116,0,0
2024-09-06 20:00:00,2496.019,2497.907,2494.818,2497.635,3872,0,0
2024-09-08 20:00:00,2497.118,2498.356,2495.587,2496.949,6151,0,0
2024-09-09 00:00:00,2496.951,2500.62,2494.791,2499.366,25642,0,0
2024-09-09 04:00:00,2499.33,2499.621,2485.583,2494.366,33568,0,0
2024-09-09 08:00:00,2494.391,2499.217,2490.02,2497.322,27711,0,0
2024-09-09 12:00:00,2497.367,2505.372,2493.311,2499.161,44383,0,0
2024-09-09 16:00:00,2499.187,2506.657,2499.187,2506.04,22601,0,0
2024-09-09 20:00:00,2506.001,2507.781,2505.301,2506.893,7031,0,0
2024-09-10 00:00:00,2506.895,2507.541,2501.45,2502.612,20844,0,0
2024-09-10 04:00:00,2502.58,2507.853,2500.816,2502.872,21452,0,0
2024-09-10 08:00:00,2502.829,2509.775,2500.132,2504.687,25357,0,0
2024-09-10 12:00:00,2504.655,2518.498,2500.934,2512.677,51627,0,0
2024-09-10 16:00:00,2512.85,2517.595,2510.773,2517.323,23233,0,0
2024-09-10 20:00:00,2517.291,2518.929,2515.83,2518.758,6470,0,0
2024-09-11 00:00:00,2518.718,2522.657,2515.02,2519.486,25490,0,0
2024-09-11 04:00:00,2519.506,2529.166,2518.599,2521.551,26760,0,0
2024-09-11 08:00:00,2521.517,2527.292,2519.84,2522.347,24356,0,0
2024-09-11 12:00:00,2522.307,2523.964,2500.924,2514.823,83228,0,0
2024-09-11 16:00:00,2514.792,2520.113,2509.861,2513.01,26825,0,0
2024-09-11 20:00:00,2512.984,2513.972,2511.35,2511.973,6768,0,0
2024-09-12 00:00:00,2511.981,2516.236,2511.053,2515.924,19225,0,0
2024-09-12 04:00:00,2515.96,2522.34,2514.525,2516.023,20559,0,0
2024-09-12 08:00:00,2515.986,2521.094,2513.041,2519.524,24077,0,0
2024-09-12 12:00:00,2519.565,2555.309,2518.942,2553.395,86209,0,0
2024-09-12 16:00:00,2553.359,2559.168,2544.948,2557.985,33515,0,0
2024-09-12 20:00:00,2557.95,2560.171,2556.819,2558.502,9495,0,0
2024-09-13 00:00:00,2558.499,2570.173,2556.86,2567.933,29572,0,0
2024-09-13 04:00:00,2568.002,2571.215,2563.148,2569.924,28689,0,0
2024-09-13 08:00:00,2569.92,2573.099,2563.734,2567.368,28544,0,0
2024-09-13 12:00:00,2567.403,2583.56,2566.113,2582.22,56644,0,0
2024-09-13 16:00:00,2582.255,2586.2,2578.67,2582.726,26091,0,0
2024-09-13 20:00:00,2582.692,2582.992,2577.784,2579.147,3420,0,0
2024-09-15 20:00:00,2578.536,2580.534,2577.662,2579.243,7258,0,0
2024-09-16 00:00:00,2579.25,2589.107,2578.967,2586.374,17149,0,0
2024-09-16 04:00:00,2586.415,2589.731,2579.532,2582.222,23114,0,0
2024-09-16 08:00:00,2582.202,2588.606,2575.365,2583.079,27346,0,0
2024-09-16 12:00:00,2583.046,2589.378,2576.137,2579.927,46610,0,0
2024-09-16 16:00:00,2579.961,2584.252,2579.604,2582.571,18868,0,0
2024-09-16 20:00:00,2582.637,2583.935,2581.889,2583.739,6361,0,0
2024-09-17 00:00:00,2583.763,2586.418,2576.851,2577.264,18556,0,0
2024-09-17 04:00:00,2577.258,2587.036,2574.61,2583.88,21590,0,0
2024-09-17 08:00:00,2583.841,2584.231,2569.759,2579.904,30580,0,0
2024-09-17 12:00:00,2579.914,2582.332,2561.795,2565.748,59180,0,0
2024-09-17 16:00:00,2565.772,2571.723,2560.741,2568.695,27630,0,0
2024-09-17 20:00:00,2568.72,2574.447,2568.367,2574.13,7347,0,0
2024-09-18 00:00:00,2574.099,2576.554,2570.096,2575.979,26181,0,0
2024-09-18 04:00:00,2576.003,2576.591,2565.761,2571.646,23030,0,0
2024-09-18 08:00:00,2571.723,2580.82,2568.042,2577.487,23519,0,0
2024-09-18 12:00:00,2577.534,2578.987,2568.045,2569.781,38403,0,0
2024-09-18 16:00:00,2569.811,2600.218,2546.908,2549.106,124417,0,0
2024-09-18 20:00:00,2549.061,2561.676,2548.381,2559.319,18598,0,0
2024-09-19 00:00:00,2559.319,2566.782,2550.974,2564.039,35526,0,0
2024-09-19 04:00:00,2564.082,2584.713,2559.644,2584.424,35048,0,0
2024-09-19 08:00:00,2584.441,2595.043,2581.416,2589.515,35280,0,0
2024-09-19 12:00:00,2589.479,2591.283,2569.833,2589.102,71083,0,0
2024-09-19 16:00:00,2589.142,2592.692,2586.007,2588.389,24412,0,0
2024-09-19 20:00:00,2588.435,2589.883,2585.956,2587.362,7655,0,0
2024-09-20 00:00:00,2587.334,2593.785,2584.794,2591.469,23777,0,0
2024-09-20 04:00:00,2591.477,2609.877,2591.338,2607.263,28193,0,0
2024-09-20 08:00:00,2607.238,2615.58,2602.515,2613.816,29452,0,0
2024-09-20 12:00:00,2613.777,2623.121,2602.595,2622.824,68628,0,0
2024-09-20 16:00:00,2622.842,2625.834,2617.914,2621.167,31784,0,0
2024-09-20 20:00:00,2621.209,2622.589,2619.18,2622.178,3387,0,0
2024-09-22 20:00:00,2621.024,2622.199,2619.71,2620.314,5588,0,0
2024-09-23 00:00:00,2620.282,2631.208,2616.096,2628.633,24230,0,0
2024-09-23 04:00:00,2628.638,2631.475,2613.879,2615.23,30293,0,0
2024-09-23 08:00:00,2615.193,2625.866,2614.644,2624.143,27327,0,0
2024-09-23 12:00:00,2624.136,2634.961,2620.098,2629.322,49960,0,0
2024-09-23 16:00:00,2629.281,2631.001,2625.745,2626.32,23789,0,0
2024-09-23 20:00:00,2626.363,2628.581,2625.894,2626.38,6389,0,0
2024-09-24 00:00:00,2626.375,2636.236,2623.8,2634.179,26496,0,0
2024-09-24 04:00:00,2634.17,2640.172,2622.604,2629.076,38911,0,0
2024-09-24 08:00:00,2629.085,2636.392,2623.419,2626.447,30084,0,0
2024-09-24 12:00:00,2626.491,2648.584,2623.543,2643.223,60532,0,0
2024-09-24 16:00:00,2643.233,2664.446,2642.43,2662.702,34486,0,0
2024-09-24 20:00:00,2662.668,2663.827,2656.497,2658.284,10838,0,0
2024-09-25 00:00:00,2658.243,2670.709,2655.507,2661.519,35901,0,0
2024-09-25 04:00:00,2661.565,2661.797,2651.424,2657.099,31503,0,0
2024-09-25 08:00:00,2657.105,2658.681,2652.806,2657.511,26645,0,0
2024-09-25 12:00:00,2657.46,2667.528,2654.235,2657.758,57689,0,0
2024-09-25 16:00:00,2657.732,2663.142,2649.668,2659.834,27532,0,0
2024-09-25 20:00:00,2659.882,2660.378,2656.283,2656.32,8998,0,0
2024-09-26 00:00:00,2656.439,2662.617,2655.361,2662.596,24560,0,0
2024-09-26 04:00:00,2662.625,2667.004,2658.01,2664.764,26485,0,0
2024-09-26 08:00:00,2664.73,2685.691,2664.683,2682.844,36299,0,0
2024-09-26 12:00:00,2682.877,2684.333,2654.797,2671.428,96436,0,0
2024-09-26 16:00:00,2671.476,2678.018,2663.026,2673.755,32686,0,0
2024-09-26 20:00:00,2673.795,2674.157,2670.91,2672.681,7405,0,0
2024-09-27 00:00:00,2672.69,2674.056,2666.27,2673.709,27855,0,0
2024-09-27 04:00:00,2673.729,2674.024,2660.97,2664.828,35688,0,0
2024-09-27 08:00:00,2664.781,2669.257,2658.364,2666.239,29569,0,0
2024-09-27 12:00:00,2666.205,2674.349,2644.785,2649.878,77142,0,0
2024-09-27 16:00:00,2649.831,2656.404,2643.074,2652.159,34800,0,0
2024-09-27 20:00:00,2652.116,2660.054,2651.206,2658.063,4318,0,0
2024-09-29 20:00:00,2661.794,2665.186,2659.842,2663.623,9821,0,0
2024-09-30 00:00:00,2663.66,2666.149,2647.344,2653.697,37875,0,0
2024-09-30 04:00:00,2653.653,2660.699,2650.71,2651.067,27568,0,0
2024-09-30 08:00:00,2651.03,2656.678,2634.49,2641.622,33572,0,0
2024-09-30 12:00:00,2641.603,2644.255,2628.738,2633.948,57983,0,0
2024-09-30 16:00:00,2633.954,2641.973,2624.759,2631.002,37885,0,0
2024-09-30 20:00:00,2631.043,2636.342,2630.793,2635.714,7916,0,0
2024-10-01 00:00:00,2635.74,2640.088,2633.991,2638.002,17651,0,0
2024-10-01 04:00:00,2638.035,2647.538,2637.486,2645.639,24215,0,0
2024-10-01 08:00:00,2645.673,2652.162,2642.517,2650.309,25512,0,0
2024-10-01 12:00:00,2650.349,2671.963,2648.09,2663.418,82074,0,0
2024-10-01 16:00:00,2663.383,2673.302,2657.629,2658.771,44735,0,0
2024-10-01 20:00:00,2658.81,2664.057,2657.917,2660.441,8012,0,0
2024-10-02 00:00:00,2660.47,2662.097,2655.159,2655.456,21192,0,0
2024-10-02 04:00:00,2655.431,2656.63,2644.575,2655.503,29656,0,0
2024-10-02 08:00:00,2655.562,2655.951,2648.021,2649.657,25837,0,0
2024-10-02 12:00:00,2649.699,2663.467,2641.118,2649.97,61682,0,0
2024-10-02 16:00:00,2649.998,2659.066,2647.193,2658.72,24076,0,0
2024-10-02 20:00:00,2658.702,2661.316,2658.345,2660.408,8378,0,0
2024-10-03 00:00:00,2660.379,2663.048,2653.353,2656.081,21740,0,0
2024-10-03 04:00:00,2656.046,2657.571,2643.571,2645.267,27244,0,0
2024-10-03 08:00:00,2645.289,2649.14,2641.038,2648.098,29286,0,0
2024-10-03 12:00:00,2648.064,2654.705,2638.065,2648.878,70613,0,0
2024-10-03 16:00:00,2648.922,2662.241,2648.57,2658.054,28554,0,0
2024-10-03 20:00:00,2658.089,2658.089,2654.399,2655.884,6951,0,0
2024-10-04 00:00:00,2655.88,2663.671,2655.532,2661.217,18849,0,0
2024-10-04 04:00:00,2661.208,2667.944,2658.783,2661.16,22722,0,0
2024-10-04 08:00:00,2661.13,2662.638,2656.863,2661.422,21838,0,0
2024-10-04 12:00:00,2661.399,2670.247,2632.111,2653.281,102606,0,0
2024-10-04 16:00:00,2653.307,2653.929,2641.893,2651.704,34314,0,0
2024-10-04 20:00:00,2651.737,2654.075,2649.916,2653.599,3385,0,0
2024-10-06 20:00:00,2651.655,2652.477,2649.755,2650.238,6824,0,0
2024-10-07 00:00:00,2650.183,2651.998,2643.868,2647.501,23527,0,0
2024-10-07 04:00:00,2647.479,2652.912,2639.667,2652.054,25453,0,0
2024-10-07 08:00:00,2652.096,2659.693,2650.677,2656.993,28133,0,0
2024-10-07 12:00:00,2657.029,2659.286,2637.808,2645.808,62681,0,0
2024-10-07 16:00:00,2645.767,2648.816,2639.766,2643.34,23844,0,0
2024-10-07 20:00:00,2643.304,2649.236,2641.841,2643.024,10067,0,0
2024-10-08 00:00:00,2643.042,2648.397,2633.803,2643.07,45136,0,0
2024-10-08 04:00:00,2643.002,2646.509,2631.156,2634.031,34011,0,0
2024-10-08 08:00:00,2634.047,2651.977,2628.567,2650.825,34333,0,0
2024-10-08 12:00:00,2650.819,2653.092,2604.766,2613.038,84571,0,0
2024-10-08 16:00:00,2613.105,2623.654,2605.523,2622.978,34631,0,0
2024-10-08 20:00:00,2623.01,2623.893,2618.891,2621.948,9280,0,0
2024-10-09 00:00:00,2621.948,2624.339,2614.928,2617.152,29195,0,0
2024-10-09 04:00:00,2617.115,2624.401,2609.219,2611.708,29894,0,0
2024-10-09 08:00:00,2611.749,2622.516,2610.485,2619.102,26555,0,0
2024-10-09 12:00:00,2619.141,2622.538,2605.269,2614.9,56761,0,0
2024-10-09 16:00:00,2614.941,2615.954,2605.196,2609.167,25557,0,0
2024-10-09 20:00:00,2609.218,2609.557,2606.962,2608.556,7201,0,0
2024-10-10 00:00:00,2608.518,2616.98,2605.984,2611.842,27955,0,0
2024-10-10 04:00:00,2611.804,2617.21,2610.282,2616.737,24403,0,0
2024-10-10 08:00:00,2616.775,2618.992,2611.36,2613.06,23217,0,0
2024-10-10 12:00:00,2613.093,2629.862,2602.362,2623.672,81073,0,0
2024-10-10 16:00:00,2623.699,2631.451,2616.522,2629.24,31361,0,0
2024-10-10 20:00:00,2629.215,2636.099,2628.151,2633.229,10128,0,0
2024-10-11 00:00:00,2633.241,2646.139,2632.032,2645.563,29069,0,0
2024-10-11 04:00:00,2645.59,2647.289,2638.117,2645.435,23563,0,0
2024-10-11 08:00:00,2645.397,2646.32,2636.206,2644.715,22408,0,0
2024-10-11 12:00:00,2644.679,2659.398,2640.69,2658.856,51271,0,0
2024-10-11 16:00:00,2658.864,2661.542,2655.32,2656.202,22448,0,0
2024-10-11 20:00:00,2656.24,2657.287,2654.748,2656.944,2826,0,0
2024-10-13 20:00:00,2650.187,2652.552,2646.946,2648.171,9810,0,0
2024-10-14 00:00:00,2648.211,2657.535,2643.155,2655.633,30701,0,0
2024-10-14 04:00:00,2655.633,2666.918,2655.274,2660.475,25998,0,0
2024-10-14 08:00:00,2660.476,2663.075,2651.067,2652.264,24392,0,0
2024-10-14 12:00:00,2652.254,2661.242,2644.02,2646.813,48399,0,0
2024-10-14 16:00:00,2646.875,2652.655,2645.825,2652.475,18337,0,0
2024-10-14 20:00:00,2652.517,2653.403,2646.155,2649.437,8164,0,0
2024-10-15 00:00:00,2649.499,2652.856,2644.529,2645.785,24253,0,0
2024-10-15 04:00:00,2645.823,2654.027,2638.055,2650.838,30721,0,0
2024-10-15 08:00:00,2650.82,2656.891,2645.684,2647.809,27030,0,0
2024-10-15 12:00:00,2647.806,2665.267,2646.127,2664.717,59477,0,0
2024-10-15 16:00:00,2664.753,2669.01,2659.039,2661.682,25815,0,0
2024-10-15 20:00:00,2661.72,2663.19,2660.349,2660.58,7148,0,0
2024-10-16 00:00:00,2660.578,2670.26,2658.802,2667.236,28457,0,0
2024-10-16 04:00:00,2667.2,2677.784,2665.625,2676.195,30660,0,0
2024-10-16 08:00:00,2676.193,2682.811,2673.003,2678.427,28122,0,0
2024-10-16 12:00:00,2678.392,2685.474,2667.621,2670.065,59720,0,0
2024-10-16 16:00:00,2670.023,2676.784,2666.729,2674.77,22534,0,0
2024-10-16 20:00:00,2674.815,2675.076,2673.158,2674.167,5936,0,0
2024-10-17 00:00:00,2674.202,2685.023,2674.149,2676.69,30712,0,0
2024-10-17 04:00:00,2676.743,2685.836,2676.476,2682.033,31908,0,0
2024-10-17 08:00:00,2682.061,2688.938,2677.029,2681.378,26157,0,0
2024-10-17 12:00:00,2681.338,2696.868,2673.235,2693.376,71035,0,0
2024-10-17 16:00:00,2693.445,2694.282,2684.039,2692.034,25857,0,0
2024-10-17 20:00:00,2692.086,2694.491,2691.047,2693.786,6026,0,0
2024-10-18 00:00:00,2693.749,2712.044,2692.81,2710.039,35110,0,0
2024-10-18 04:00:00,2710.024,2714.198,2702.287,2702.352,33040,0,0
2024-10-18 08:00:00,2702.361,2713.282,2701.762,2709.859,27912,0,0
2024-10-18 12:00:00,2709.888,2720.275,2705.001,2714.893,57742,0,0
2024-10-18 16:00:00,2714.926,2721.361,2713.656,2719.704,24990,0,0
2024-10-18 20:00:00,2719.745,2722.713,2719.261,2721.858,3655,0,0
2024-10-20 20:00:00,2723.172,2725.225,2720.281,2723.496,7433,0,0
2024-10-21 00:00:00,2723.537,2732.906,2721.12,2731.592,40036,0,0
2024-10-21 04:00:00,2731.594,2732.533,2723.634,2730.392,27585,0,0
2024-10-21 08:00:00,2730.402,2738.208,2727.838,2734.499,31356,0,0
2024-10-21 12:00:00,2734.538,2740.632,2716.913,2720.199,75010,0,0
2024-10-21 16:00:00,2720.173,2725.737,2714.284,2719.934,29205,0,0
2024-10-21 20:00:00,2719.89,2722.672,2718.809,2721.563,7814,0,0
2024-10-22 00:00:00,2721.563,2733.183,2720.713,2731.067,27138,0,0
2024-10-22 04:00:00,2731.049,2737.221,2729.095,2733.729,25267,0,0
2024-10-22 08:00:00,2733.697,2739.47,2729.516,2732.056,29673,0,0
2024-10-22 12:00:00,2732.09,2744.286,2731.581,2737.642,54793,0,0
2024-10-22 16:00:00,2737.601,2748.988,2737.224,2748.386,26134,0,0
2024-10-22 20:00:00,2748.434,2748.943,2745.909,2746.633,7381,0,0
2024-10-23 00:00:00,2746.637,2747.279,2737.845,2746.134,27038,0,0
2024-10-23 04:00:00,2746.134,2755.712,2745.427,2754.954,27586,0,0
2024-10-23 08:00:00,2754.993,2758.588,2749.214,2750.047,26534,0,0
2024-10-23 12:00:00,2750.012,2750.56,2708.71,2721.806,87068,0,0
2024-10-23 16:00:00,2721.772,2723.33,2712.013,2716.282,33645,0,0
2024-10-23 20:00:00,2716.316,2721.965,2714.223,2721.338,9387,0,0
2024-10-24 00:00:00,2721.299,2726.778,2717.832,2722.957,29657,0,0
2024-10-24 04:00:00,2722.962,2737.165,2722.885,2733.62,26675,0,0
2024-10-24 08:00:00,2733.693,2739.763,2732.561,2738.636,24522,0,0
2024-10-24 12:00:00,2738.544,2743.288,2722.466,2731.179,60844,0,0
2024-10-24 16:00:00,2731.171,2737.813,2725.774,2737.061,29843,0,0
2024-10-24 20:00:00,2737.141,2737.224,2733.711,2733.924,6515,0,0
2024-10-25 00:00:00,2733.965,2735.262,2724.436,2726.121,24435,0,0
2024-10-25 04:00:00,2726.157,2732.647,2723.943,2726.459,25631,0,0
2024-10-25 08:00:00,2726.544,2729.471,2717.036,2724.261,30225,0,0
2024-10-25 12:00:00,2724.288,2742.108,2723.326,2737.211,49377,0,0
2024-10-25 16:00:00,2737.173,2745.102,2733.938,2742.599,25009,0,0
2024-10-25 20:00:00,2742.641,2747.854,2742.549,2747.103,4207,0,0
2024-10-27 20:00:00,2733.523,2740.256,2730.42,2735.895,12776,0,0
2024-10-28 00:00:00,2735.863,2736.386,2724.711,2729.782,31067,0,0
2024-10-28 04:00:00,2729.761,2744.59,2729.173,2738.999,26066,0,0
2024-10-28 08:00:00,2739.006,2740.99,2727.882,2732.399,28681,0,0
2024-10-28 12:00:00,2732.392,2745.997,2731.251,2740.784,44121,0,0
2024-10-28 16:00:00,2740.751,2745.063,2740.065,2742.578,21354,0,0
2024-10-28 20:00:00,2742.544,2744.507,2739.886,2744.507,7496,0,0
2024-10-29 00:00:00,2744.459,2757.842,2743.283,2751.769,29356,0,0
2024-10-29 04:00:00,2751.76,2756.946,2748.978,2752.539,24962,0,0
2024-10-29 08:00:00,2752.579,2756.719,2746.319,2751.887,31150,0,0
2024-10-29 12:00:00,2751.886,2771.779,2748.222,2764.321,58344,0,0
2024-10-29 16:00:00,2764.299,2774.84,2764.145,2772.276,28749,0,0
2024-10-29 20:00:00,2772.245,2775.485,2771.9,2774.995,8011,0,0
2024-10-30 00:00:00,2775.023,2782.23,2774.858,2779.004,26975,0,0
2024-10-30 04:00:00,2779.01,2789.901,2777.486,2782.302,24517,0,0
2024-10-30 08:00:00,2782.337,2786.625,2778.293,2778.66,24869,0,0
2024-10-30 12:00:00,2778.636,2787.589,2770.884,2784.714,65978,0,0
2024-10-30 16:00:00,2784.755,2790.155,2783.047,2787.365,25098,0,0
2024-10-30 20:00:00,2787.413,2788.206,2784.857,2785.57,8687,0,0
2024-10-31 00:00:00,2785.569,2790.164,2783.634,2784.627,21436,0,0
2024-10-31 04:00:00,2784.678,2786.664,2778.103,2782.129,25484,0,0
2024-10-31 08:00:00,2782.107,2783.233,2773.375,2779.493,26334,0,0
2024-10-31 12:00:00,2779.494,2782.021,2731.595,2740.656,81908,0,0
2024-10-31 16:00:00,2740.697,2749.827,2738.084,2746.522,32852,0,0
2024-10-31 20:00:00,2746.551,2748.248,2743.349,2746.771,9591,0,0
2024-11-01 00:00:00,2746.752,2751.958,2744.862,2751.85,27200,0,0
2024-11-01 04:00:00,2751.808,2757.74,2747.119,2749.722,22825,0,0
2024-11-01 08:00:00,2749.707,2755.56,2744.898,2752.953,27156,0,0
2024-11-01 12:00:00,2752.979,2762.341,2739.754,2744.8,74620,0,0
2024-11-01 16:00:00,2744.786,2746.264,2733.193,2734.201,30982,0,0
2024-11-01 20:00:00,2734.157,2736.96,2733.346,2736.77,3637,0,0
2024-11-03 20:00:00,2732.947,2740.414,2732.669,2738.432,5443,0,0
2024-11-04 00:00:00,2738.459,2742.481,2735.423,2741.069,26861,0,0
2024-11-04 04:00:00,2741.032,2744.861,2735.15,2735.917,23518,0,0
2024-11-04 08:00:00,2735.886,2745.384,2731.908,2740.688,29092,0,0
2024-11-04 12:00:00,2740.634,2748.295,2737.713,2738.621,44836,0,0
2024-11-04 16:00:00,2738.591,2739.786,2731.822,2738.388,28762,0,0
2024-11-04 20:00:00,2738.321,2738.651,2736.081,2736.081,8942,0,0
2024-11-05 00:00:00,2736.126,2736.757,2724.775,2735.373,27259,0,0
2024-11-05 04:00:00,2735.32,2741.464,2731.731,2736.612,23091,0,0
2024-11-05 08:00:00,2736.572,2745.123,2732.17,2741.68,27021,0,0
2024-11-05 12:00:00,2741.777,2749.997,2733.001,2742.037,43403,0,0
2024-11-05 16:00:00,2742.081,2744.688,2736.423,2740.593,26407,0,0
2024-11-05 20:00:00,2740.629,2746.521,2739.697,2745.787,10267,0,0
2024-11-06 00:00:00,2745.764,2749.761,2730.74,2734.194,62631,0,0
2024-11-06 04:00:00,2734.206,2743.788,2701.399,2726.043,78288,0,0
2024-11-06 08:00:00,2726.001,2733.891,2696.098,2699.392,54372,0,0
2024-11-06 12:00:00,2699.352,2708.146,2652.415,2675.795,122041,0,0
2024-11-06 16:00:00,2675.832,2678.353,2661.643,2667.164,42782,0,0
2024-11-06 20:00:00,2667.137,2667.799,2659.038,2664.128,12996,0,0
2024-11-07 00:00:00,2664.115,2664.341,2643.297,2659.259,41831,0,0
2024-11-07 04:00:00,2659.279,2667.676,2652.874,2663.348,30988,0,0
2024-11-07 08:00:00,2663.429,2668.512,2657.461,2666.239,30359,0,0
2024-11-07 12:00:00,2666.346,2700.24,2664.356,2698.778,61956,0,0
2024-11-07 16:00:00,2698.767,2700.37,2687.556,2694.346,52352,0,0
2024-11-07 20:00:00,2694.388,2710.397,2692.93,2706.946,22083,0,0
2024-11-08 00:00:00,2706.95,2710.498,2694.114,2695.193,31600,0,0
2024-11-08 04:00:00,2695.184,2696.442,2680.366,2687.442,28832,0,0
2024-11-08 08:00:00,2687.475,2695.057,2682.013,2691.992,37361,0,0
2024-11-08 12:00:00,2692.017,2704.141,2683.459,2687.632,60386,0,0
2024-11-08 16:00:00,2687.583,2689.363,2682.917,2687.137,32112,0,0
2024-11-08 20:00:00,2687.103,2688.629,2683.016,2684.838,10758,0,0
2024-11-10 20:00:00,2683.241,2685.73,2681.606,2685.685,3709,0,0
2024-11-11 00:00:00,2685.718,2686.221,2666.524,2670.349,32761,0,0
2024-11-11 04:00:00,2670.352,2674.362,2666.989,2669.641,26204,0,0
2024-11-11 08:00:00,2669.596,2675.457,2659.008,2662.727,34724,0,0
2024-11-11 12:00:00,2662.752,2663.312,2613.47,2614.679,75337,0,0
2024-11-11 16:00:00,2614.638,2620.752,2610.61,2619.346,30790,0,0
2024-11-11 20:00:00,2619.371,2626.267,2619.313,2624.118,10884,0,0
2024-11-12 00:00:00,2624.106,2627.242,2618.797,2619.004,28402,0,0
2024-11-12 04:00:00,2618.955,2619.164,2595.228,2598.317,43179,0,0
2024-11-12 08:00:00,2598.353,2606.591,2589.676,2597.925,45557,0,0
2024-11-12 12:00:00,2597.9,2617.148,2597.467,2598.517,68161,0,0
2024-11-12 16:00:00,2598.559,2604.273,2592.51,2598.271,36852,0,0
2024-11-12 20:00:00,2598.246,2601.467,2595.183,2599.036,11779,0,0
2024-11-13 00:00:00,2599.091,2613.387,2598.082,2611.642,28719,0,0
2024-11-13 04:00:00,2611.659,2612.485,2603.57,2606.195,25154,0,0
2024-11-13 08:00:00,2606.246,2611.745,2601.111,2610.869,29158,0,0
2024-11-13 12:00:00,2610.906,2618.921,2593.628,2605.465,74592,0,0
2024-11-13 16:00:00,2605.421,2606.055,2577.587,2581.084,48397,0,0
2024-11-13 20:00:00,2581.051,2581.49,2569.294,2571.069,20840,0,0
2024-11-14 00:00:00,2571.092,2574.84,2558.955,2560.788,34166,0,0
2024-11-14 04:00:00,2560.798,2565.336,2550.441,2557.094,33089,0,0
2024-11-14 08:00:00,2557.052,2559.863,2536.835,2553.659,46064,0,0
2024-11-14 12:00:00,2553.701,2573.071,2550.116,2570.259,71258,0,0
2024-11-14 16:00:00,2570.283,2577.527,2567.166,2576.05,35221,0,0
2024-11-14 20:00:00,2576.061,2576.612,2563.946,2566.979,23460,0,0
2024-11-15 00:00:00,2566.968,2571.757,2563.107,2567.836,25395,0,0
2024-11-15 04:00:00,2567.799,2569.618,2554.486,2563.785,26197,0,0
2024-11-15 08:00:00,2563.772,2573.473,2560.926,2570.861,33454,0,0
2024-11-15 12:00:00,2570.88,2576.14,2561.277,2570.813,72486,0,0
2024-11-15 16:00:00,2570.822,2573.371,2559.501,2563.929,35448,0,0
2024-11-15 20:00:00,2563.929,2563.942,2559.838,2563.049,9829,0,0
2024-11-17 20:00:00,2568.107,2575.603,2568.107,2571.521,5698,0,0
2024-11-18 00:00:00,2571.483,2597.494,2569.946,2589.979,41749,0,0
2024-11-18 04:00:00,2589.983,2593.277,2580.5,2582.918,28043,0,0
2024-11-18 08:00:00,2582.876,2597.376,2582.087,2594.493,34586,0,0
2024-11-18 12:00:00,2594.402,2613.426,2590.438,2613.016,48707,0,0
2024-11-18 16:00:00,2613.052,2615.184,2607.413,2609.929,26972,0,0
2024-11-18 20:00:00,2609.885,2613.187,2608.272,2612.784,10629,0,0
2024-11-19 00:00:00,2612.811,2625.659,2611.137,2624.515,28328,0,0
2024-11-19 04:00:00,2624.536,2626.731,2617.742,2619.137,25818,0,0
2024-11-19 08:00:00,2619.101,2636.556,2618.754,2629.719,40578,0,0
2024-11-19 12:00:00,2629.747,2639.553,2620.992,2624.523,62961,0,0
2024-11-19 16:00:00,2624.558,2633.224,2622.375,2630.745,30888,0,0
2024-11-19 20:00:00,2630.794,2635.634,2630.494,2635.246,10907,0,0
2024-11-20 00:00:00,2635.237,2641.927,2634.766,2638.057,24674,0,0
2024-11-20 04:00:00,2638.092,2638.885,2621.312,2621.671,27493,0,0
2024-11-20 08:00:00,2621.635,2628.211,2618.944,2628.165,29884,0,0
2024-11-20 12:00:00,2628.203,2649.012,2627.145,2648.89,45060,0,0
2024-11-20 16:00:00,2648.888,2655.513,2645.437,2650.952,32628,0,0
2024-11-20 20:00:00,2650.921,2653.017,2647.35,2652.204,13105,0,0
2024-11-21 00:00:00,2652.233,2660.546,2650.405,2656.981,24819,0,0
2024-11-21 04:00:00,2656.953,2664.803,2654.7,2663.179,22976,0,0
2024-11-21 08:00:00,2663.14,2673.602,2662.089,2671.528,30303,0,0
2024-11-21 12:00:00,2671.571,2671.896,2660.434,2667.716,54495,0,0
2024-11-21 16:00:00,2667.754,2673.596,2661.386,2669.764,35108,0,0
2024-11-21 20:00:00,2669.798,2671.986,2668.138,2669.239,11993,0,0
2024-11-22 00:00:00,2669.207,2690.599,2668.933,2686.233,30091,0,0
2024-11-22 04:00:00,2686.266,2699.033,2683.049,2696.537,31168,0,0
2024-11-22 08:00:00,2696.568,2710.207,2693.634,2698.947,45223,0,0
2024-11-22 12:00:00,2698.906,2705.128,2684.484,2703.796,64475,0,0
2024-11-22 16:00:00,2703.818,2711.537,2700.887,2708.301,31752,0,0
2024-11-22 20:00:00,2708.26,2715.738,2705.165,2715.653,11591,0,0
2024-11-24 20:00:00,2711.266,2721.485,2710.828,2719.836,8444,0,0
2024-11-25 00:00:00,2719.807,2720.216,2659.077,2672.316,68041,0,0
2024-11-25 04:00:00,2672.271,2676.455,2658.268,2667.854,54497,0,0
2024-11-25 08:00:00,2667.889,2688.848,2667.178,2686.856,36818,0,0
2024-11-25 12:00:00,2686.886,2687.943,2626.301,2628.484,97043,0,0
2024-11-25 16:00:00,2628.515,2639.472,2615.599,2625.884,46670,0,0
2024-11-25 20:00:00,2625.91,2628.819,2605.192,2610.541,21720,0,0
2024-11-26 00:00:00,2610.607,2632.296,2608.531,2630.456,48567,0,0
2024-11-26 04:00:00,2630.416,2631.531,2610.911,2614.116,32365,0,0
2024-11-26 08:00:00,2614.15,2633.306,2612.497,2633.272,37929,0,0
2024-11-26 12:00:00,2633.329,2642.073,2616.744,2629.592,66499,0,0
2024-11-26 16:00:00,2629.59,2631.565,2619.578,2628.105,34264,0,0
2024-11-26 20:00:00,2628.145,2634.231,2627.509,2632.334,12172,0,0
2024-11-27 00:00:00,2632.333,2640.567,2627.097,2637.802,26763,0,0
2024-11-27 04:00:00,2637.808,2648.583,2636.635,2646.705,26397,0,0
2024-11-27 08:00:00,2646.62,2653.97,2643.267,2651.183,29705,0,0
2024-11-27 12:00:00,2651.195,2658.286,2635.608,2642.676,56708,0,0
2024-11-27 16:00:00,2642.731,2644.368,2633.773,2634.786,32504,0,0
2024-11-27 20:00:00,2634.835,2639.11,2634.302,2637.248,10232,0,0
2024-11-28 00:00:00,2637.143,2638.512,2620.924,2630.355,35991,0,0
2024-11-28 04:00:00,2630.366,2639.708,2629.385,2637.424,22446,0,0
2024-11-28 08:00:00,2637.355,2649.754,2635.748,2646.964,23688,0,0
2024-11-28 12:00:00,2646.961,2648.055,2636.295,2638.184,28632,0,0
2024-11-28 16:00:00,2638.15,2642.538,2637.576,2640.677,9110,0,0
2024-11-28 20:00:00,2638.76,2639.348,2637.224,2638.847,2369,0,0
2024-11-29 00:00:00,2638.806,2662.882,2634.049,2660.127,34686,0,0
2024-11-29 04:00:00,2660.1,2666.463,2658.403,2660.602,26061,0,0
2024-11-29 08:00:00,2660.637,2665.997,2654.551,2659.69,27692,0,0
2024-11-29 12:00:00,2659.731,2665.049,2650.617,2659.026,45760,0,0
2024-11-29 16:00:00,2659.082,2662.356,2655.31,2655.31,20075,0,0
2024-12-01 20:00:00,2649.134,2650.404,2643.133,2645.739,5596,0,0
2024-12-02 00:00:00,2645.836,2647.747,2622.977,2629.352,52654,0,0
2024-12-02 04:00:00,2629.315,2633.744,2621.918,2629.978,32633,0,0
2024-12-02 08:00:00,2629.939,2646.45,2626.594,2641.965,38216,0,0
2024-12-02 12:00:00,2641.917,2651.874,2637.128,2642.398,56312,0,0
2024-12-02 16:00:00,2642.439,2644.452,2633.626,2637.691,32830,0,0
2024-12-02 20:00:00,2637.657,2644.317,2635.347,2642.291,13771,0,0
2024-12-03 00:00:00,2642.308,2645.405,2634.113,2640.507,29942,0,0
2024-12-03 04:00:00,2640.521,2650.146,2637.16,2644.702,27142,0,0
2024-12-03 08:00:00,2644.677,2648.135,2639.249,2643.743,31275,0,0
2024-12-03 12:00:00,2643.751,2655.745,2635.261,2640.515,52989,0,0
2024-12-03 16:00:00,2640.524,2649.244,2638.917,2641.078,31751,0,0
2024-12-03 20:00:00,2641.016,2644.306,2640.706,2642.801,10227,0,0
2024-12-04 00:00:00,2642.805,2648.173,2637.706,2644.581,26539,0,0
2024-12-04 04:00:00,2644.56,2651.483,2640.414,2641.433,24343,0,0
2024-12-04 08:00:00,2641.401,2647.815,2636.67,2646.248,29558,0,0
2024-12-04 12:00:00,2646.283,2657.264,2632.41,2655.115,62377,0,0
2024-12-04 16:00:00,2655.064,2655.661,2646.905,2651.791,34295,0,0
2024-12-04 20:00:00,2651.759,2652.042,2648.146,2650.477,11160,0,0
2024-12-05 00:00:00,2650.484,2650.797,2644.655,2648.962,22601,0,0
2024-12-05 04:00:00,2648.946,2655.598,2645.405,2648.655,25351,0,0
2024-12-05 08:00:00,2648.702,2652.794,2641.901,2651.387,25208,0,0
2024-12-05 12:00:00,2651.431,2654.597,2631.855,2640.336,52123,0,0
2024-12-05 16:00:00,2640.351,2643.475,2623.524,2629.88,37848,0,0
2024-12-05 20:00:00,2629.854,2633.912,2628.016,2633.793,10562,0,0
2024-12-06 00:00:00,2633.801,2642.671,2613.011,2640.957,39581,0,0
2024-12-06 04:00:00,2640.955,2644.657,2635.393,2639.762,26982,0,0
2024-12-06 08:00:00,2639.735,2645.813,2632.424,2638.56,26404,0,0
2024-12-06 12:00:00,2638.481,2643.616,2624.099,2637.61,79112,0,0
2024-12-06 16:00:00,2637.643,2641.734,2633.089,2634.703,27809,0,0
2024-12-06 20:00:00,2634.82,2636.304,2631.031,2633.081,5065,150,0
2024-12-08 20:00:00,2643.043,2648.604,2636.396,2640.144,8040,0,0
2024-12-09 00:00:00,2640.144,2650.665,2627.541,2638.969,41946,0,0
2024-12-09 04:00:00,2638.922,2651.325,2634.633,2650.57,29868,0,0
2024-12-09 08:00:00,2650.603,2660.491,2646.174,2656.307,30090,0,0
2024-12-09 12:00:00,2656.264,2676.525,2653.422,2668.337,53407,0,0
2024-12-09 16:00:00,2668.301,2670.649,2658.939,2660.246,30201,0,0
2024-12-09 20:00:00,2660.285,2661.757,2656.729,2660.529,11452,0,0
2024-12-10 00:00:00,2660.569,2671.862,2658.038,2669.998,31888,0,0
2024-12-10 04:00:00,2670.022,2673.939,2663.712,2664.769,25169,0,0
2024-12-10 08:00:00,2664.695,2676.919,2661.203,2674.576,33630,0,0
2024-12-10 12:00:00,2674.619,2691.857,2672.388,2687.526,51044,0,0
2024-12-10 16:00:00,2687.526,2695.603,2684.633,2692.091,27852,0,0
2024-12-10 20:00:00,2692.056,2698.458,2690.957,2696.066,11186,0,0
2024-12-11 00:00:00,2695.991,2704.428,2692.44,2695.784,49391,0,0
2024-12-11 04:00:00,2695.727,2698.322,2675.646,2690.724,83492,0,0
2024-12-11 08:00:00,2690.515,2699.844,2686.333,2696.522,17747,0,0
2024-12-11 12:00:00,2696.644,2716.016,2690.751,2713.185,14567,0,0
2024-12-11 16:00:00,2713.297,2721.136,2711.27,2718.027,13292,0,0
2024-12-11 20:00:00,2718.23,2720.513,2716.138,2720.002,6715,0,0
2024-12-12 00:00:00,2720.064,2726.286,2700.352,2710.569,12013,0,0
2024-12-12 04:00:00,2710.588,2720.476,2709.769,2716.127,11357,0,0
2024-12-12 08:00:00,2716.299,2719.508,2707.39,2711.014,13540,0,0
2024-12-12 12:00:00,2711.077,2712.472,2675.157,2679.865,16904,0,0
2024-12-12 16:00:00,2679.677,2687.12,2677.328,2683.213,13116,0,0
2024-12-12 20:00:00,2683.267,2683.656,2679.535,2680.703,6834,0,0
2024-12-13 00:00:00,2680.697,2692.858,2678.951,2688.201,12463,0,0
2024-12-13 04:00:00,2688.047,2690.607,2681.191,2683.282,11929,0,0
2024-12-13 08:00:00,2683.074,2684.862,2664.47,2665.073,13272,0,0
2024-12-13 12:00:00,2664.88,2672.962,2654.643,2659.968,15012,0,0
2024-12-13 16:00:00,2659.906,2664.646,2652.214,2653.121,12336,0,0
2024-12-13 20:00:00,2653.053,2653.61,2646.126,2648.472,5304,0,0
2024-12-15 20:00:00,2649.494,2653.207,2648.873,2651.559,1932,0,0
2024-12-16 00:00:00,2651.564,2655.691,2643.603,2653.951,11540,0,0
2024-12-16 04:00:00,2653.954,2655.948,2649.625,2653.767,10613,0,0
2024-12-16 08:00:00,2653.616,2664.248,2652.39,2663.622,24258,0,0
2024-12-16 12:00:00,2663.659,2664.527,2650.913,2654.552,40263,0,0
2024-12-16 16:00:00,2654.518,2655.864,2648.587,2653.379,22761,0,0
2024-12-16 20:00:00,2653.338,2653.714,2651.54,2651.824,8902,0,0
2024-12-17 00:00:00,2651.842,2658.719,2651.201,2653.696,21589,0,0
2024-12-17 04:00:00,2653.658,2657.173,2646.497,2653.833,23135,0,0
2024-12-17 08:00:00,2653.807,2653.856,2636.287,2642.267,34971,0,0
2024-12-17 12:00:00,2642.288,2647.048,2633.046,2640.246,48254,0,0
2024-12-17 16:00:00,2640.321,2649.159,2636.709,2645.465,24367,0,0
2024-12-17 20:00:00,2645.507,2647.761,2643.163,2647.458,9056,0,0
2024-12-18 00:00:00,2647.445,2651.826,2645.309,2645.749,20928,0,0
2024-12-18 04:00:00,2645.712,2649.631,2642.772,2644.69,19894,0,0
2024-12-18 08:00:00,2644.665,2649.814,2642.154,2646.176,21452,0,0
2024-12-18 12:00:00,2646.192,2647.798,2633.774,2638.225,33589,0,0
2024-12-18 16:00:00,2638.189,2640.071,2604.1,2604.623,48172,0,0
2024-12-18 20:00:00,2604.661,2609.393,2583.492,2588.305,40643,0,0
2024-12-19 00:00:00,2588.336,2618.24,2588.037,2610.535,41734,0,0
2024-12-19 04:00:00,2610.559,2622.78,2603.376,2616.58,28789,0,0
2024-12-19 08:00:00,2616.623,2626.51,2613.293,2616.89,31561,0,0
2024-12-19 12:00:00,2616.851,2616.871,2587.031,2588.526,60191,0,0
2024-12-19 16:00:00,2588.502,2601.063,2587.214,2596.871,34220,0,0
2024-12-19 20:00:00,2596.912,2600.423,2592.387,2593.599,12270,0,0
2024-12-20 00:00:00,2593.576,2604.073,2589.673,2598.551,29013,0,0
2024-12-20 04:00:00,2598.547,2607.596,2596.502,2606.333,21701,0,0
2024-12-20 08:00:00,2606.377,2607.823,2600.121,2603.774,26078,0,0
2024-12-20 12:00:00,2603.748,2631.281,2600.42,2630.394,52547,0,0
2024-12-20 16:00:00,2630.431,2631.955,2622.222,2627.961,38384,0,0
2024-12-20 20:00:00,2627.925,2628.198,2619.282,2622.723,10932,0,0
2024-12-22 20:00:00,2623.409,2624.987,2621.811,2624.373,1858,0,0
2024-12-23 00:00:00,2624.479,2627.523,2617.579,2624.175,11167,0,0
2024-12-23 04:00:00,2624.198,2633.339,2623.942,2630.31,10461,0,0
2024-12-23 08:00:00,2630.264,2632.209,2613.039,2616.34,26236,0,0
2024-12-23 12:00:00,2616.372,2619.978,2609.294,2609.842,36768,0,0
2024-12-23 16:00:00,2609.878,2616.689,2608.197,2611.164,29858,0,0
2024-12-23 20:00:00,2611.209,2617.12,2609.227,2615.572,9382,0,0
2024-12-24 00:00:00,2615.626,2619.983,2613.581,2618.777,18420,0,0
2024-12-24 04:00:00,2618.809,2621.552,2616.502,2618.536,17693,0,0
2024-12-24 08:00:00,2618.599,2619.886,2612.486,2615.232,18361,0,0
2024-12-24 12:00:00,2615.279,2617.346,2610.099,2611.746,28436,0,0
2024-12-24 16:00:00,2611.791,2619.415,2611.572,2616.793,17928,0,0
2024-12-25 20:00:00,2615.701,2620.195,2615.451,2618.736,2408,0,0
2024-12-26 00:00:00,2618.727,2629.161,2618.691,2626.973,18358,0,0
2024-12-26 04:00:00,2626.973,2629.793,2623.677,2625.493,15752,0,0
2024-12-26 08:00:00,2625.478,2630.099,2625.191,2627.962,16233,0,0
2024-12-26 12:00:00,2627.935,2639.257,2621.798,2636.559,31091,0,0
2024-12-26 16:00:00,2636.607,2636.918,2627.965,2635.03,24419,0,0
2024-12-26 20:00:00,2634.953,2636.242,2624.8,2632.764,12220,0,0
2024-12-27 00:00:00,2632.769,2635.592,2628.966,2633.785,19880,0,0
2024-12-27 04:00:00,2633.824,2638.394,2631.336,2633.718,18820,0,0
2024-12-27 08:00:00,2633.679,2633.679,2623.532,2628.722,21111,0,0
2024-12-27 12:00:00,2628.718,2631.655,2611.659,2618.214,40815,0,0
2024-12-27 16:00:00,2618.254,2621.474,2614.163,2620.765,25136,0,0
2024-12-27 20:00:00,2620.799,2622.06,2612.806,2621.703,9799,0,0
2024-12-29 20:00:00,2622.057,2626.239,2621.712,2624.115,4005,0,0
2024-12-30 00:00:00,2624.16,2628.191,2621.533,2626.659,20524,0,0
2024-12-30 04:00:00,2626.647,2626.647,2615.893,2616.864,19133,0,0
2024-12-30 08:00:00,2616.838,2618.79,2609.172,2616.412,23474,0,0
2024-12-30 12:00:00,2616.412,2622.715,2599.677,2601.679,41095,0,0
2024-12-30 16:00:00,2601.693,2608.47,2596.15,2607.202,27636,0,0
2024-12-30 20:00:00,2607.249,2609.613,2603.94,2606.757,9463,0,0
2024-12-31 00:00:00,2606.797,2611.686,2603.587,2604.693,16537,0,0
2024-12-31 04:00:00,2604.692,2614.223,2602.671,2613.774,17712,0,0
2024-12-31 08:00:00,2613.815,2617.876,2609.794,2611.131,20689,0,0
2024-12-31 12:00:00,2611.096,2626.718,2605.383,2625.736,35131,0,0
2024-12-31 16:00:00,2625.712,2627.621,2622.245,2623.952,26082,0,0
2024-12-31 20:00:00,2623.92,2625.082,2622.27,2624.461,6128,0,0
2025-01-01 20:00:00,2625.259,2625.919,2621.748,2623.846,3104,0,0
2025-01-02 00:00:00,2623.878,2636.62,2622.834,2633.724,25866,0,0
2025-01-02 04:00:00,2633.713,2636.572,2631.13,2635.995,17574,0,0
2025-01-02 08:00:00,2636.033,2646.459,2631.174,2642.056,27584,0,0
2025-01-02 12:00:00,2642.057,2655.956,2636.126,2654.19,46722,0,0
2025-01-02 16:00:00,2654.142,2660.537,2650.115,2654.82,32316,0,0
2025-01-02 20:00:00,2654.855,2660.543,2654.231,2658.407,11215,0,0
2025-01-03 00:00:00,2658.408,2665.333,2656.189,2662.368,22345,0,0
2025-01-03 04:00:00,2662.335,2664.489,2652.004,2654.275,19283,0,0
2025-01-03 08:00:00,2654.244,2659.338,2649.97,2658.441,20848,0,0
2025-01-03 12:00:00,2657.083,2657.541,2641.007,2643.922,37853,0,0
2025-01-03 16:00:00,2643.892,2647.344,2639.034,2639.51,25214,0,0
2025-01-03 20:00:00,2639.478,2640.82,2636.703,2640.45,7936,0,0
2025-01-05 20:00:00,2639.724,2642.478,2639.724,2641.143,3236,0,0
2025-01-06 00:00:00,2641.178,2647.506,2638.676,2640.27,23599,0,0
2025-01-06 04:00:00,2640.283,2640.904,2625.138,2627.002,25081,0,0
2025-01-06 08:00:00,2626.932,2649.595,2625.844,2645.668,32041,0,0
2025-01-06 12:00:00,2645.633,2648.928,2614.499,2634.472,76185,0,0
2025-01-06 16:00:00,2634.505,2641.458,2632.586,2634.456,28707,0,0
2025-01-06 20:00:00,2634.49,2637.211,2633.212,2634.756,9180,0,0
2025-01-07 00:00:00,2634.705,2641.226,2632.998,2639.643,19308,0,0
2025-01-07 04:00:00,2639.64,2646.837,2637.1,2640.567,20102,0,0
2025-01-07 08:00:00,2640.524,2648.769,2640.124,2648.469,20884,0,0
2025-01-07 12:00:00,2648.428,2664.344,2642.012,2647.78,58106,0,0
2025-01-07 16:00:00,2647.693,2656.101,2646.463,2649.326,41307,0,0
2025-01-07 20:00:00,2649.374,2651.567,2647.253,2649.887,11111,0,0
2025-01-08 00:00:00,2649.897,2651.592,2645.649,2646.832,18998,0,0
2025-01-08 04:00:00,2646.808,2654.532,2645.282,2652.699,17544,0,0
2025-01-08 08:00:00,2652.731,2655.238,2647.654,2650.998,23386,0,0
2025-01-08 12:00:00,2650.91,2667.915,2645.927,2665.898,50257,0,0
2025-01-08 16:00:00,2665.92,2670.133,2649.47,2658.413,38678,0,0
2025-01-08 20:00:00,2658.446,2664.139,2658.356,2662.587,13637,0,0
2025-01-09 00:00:00,2662.606,2662.93,2656.321,2659.449,17659,0,0
2025-01-09 04:00:00,2659.415,2667.053,2655.517,2662.53,18719,0,0
2025-01-09 08:00:00,2662.498,2673.379,2660.548,2670.346,27412,0,0
2025-01-09 12:00:00,2670.329,2678.413,2667.276,2668.406,36009,0,0
2025-01-09 16:00:00,2668.4,2672.59,2662.724,2670.27,27872,0,0
2025-01-09 20:00:00,2670.234,2671.412,2668.572,2670.031,8293,0,0
2025-01-10 00:00:00,2670.038,2674.851,2669.053,2673.738,18532,0,0
2025-01-10 04:00:00,2673.711,2678.831,2671.668,2676.226,19610,0,0
2025-01-10 08:00:00,2676.261,2683.168,2675.793,2681.482,31107,0,0
2025-01-10 12:00:00,2681.443,2698.106,2664.074,2692.731,119956,0,0
2025-01-10 16:00:00,2692.694,2698.033,2684.627,2685.935,67804,0,0
2025-01-10 20:00:00,2685.97,2693.853,2684.558,2689.669,16885,0,0
2025-01-12 20:00:00,2689.849,2691.453,2687.658,2691.185,5107,0,0
2025-01-13 00:00:00,2691.208,2693.448,2679.374,2687.977,37473,0,0
2025-01-13 04:00:00,2688.014,2691.403,2683.354,2685.182,36352,0,0
2025-01-13 08:00:00,2685.154,2689.85,2675.529,2676.032,48648,0,0
2025-01-13 12:00:00,2675.991,2677.244,2661.172,2661.947,88970,0,0
2025-01-13 16:00:00,2661.872,2668.08,2656.848,2658.978,39424,0,0
2025-01-13 20:00:00,2659.039,2669.535,2658.814,2668.138,12736,0,0
2025-01-14 00:00:00,2668.056,2672.387,2666.477,2669.86,29899,0,0
2025-01-14 04:00:00,2669.898,2675.45,2667.225,2669.234,27782,0,0
2025-01-14 08:00:00,2669.276,2674.535,2664.533,2669.411,32446,0,0
2025-01-14 12:00:00,2669.367,2674.502,2659.882,2671.859,63772,0,0
2025-01-14 16:00:00,2671.906,2676.388,2666.757,2674.325,34395,0,0
2025-01-14 20:00:00,2674.289,2678.357,2671.906,2675.669,13358,0,0
2025-01-15 00:00:00,2675.66,2676.401,2669.471,2676.171,18786,0,0
2025-01-15 04:00:00,2676.132,2684.113,2674.263,2681.393,22665,0,0
2025-01-15 08:00:00,2681.437,2689.144,2681.232,2686.859,33004,0,0
2025-01-15 12:00:00,2686.828,2696.136,2676.72,2678.555,89187,0,0
2025-01-15 16:00:00,2678.592,2695.207,2677.005,2694.261,42425,0,0
2025-01-15 20:00:00,2694.222,2698.144,2693.319,2695.043,13131,0,0
2025-01-16 00:00:00,2695.06,2702.28,2692.937,2697.273,35128,0,0
2025-01-16 04:00:00,2697.225,2700.044,2689.987,2698.351,26723,0,0
2025-01-16 08:00:00,2698.393,2711.255,2697.209,2706.492,36053,0,0
2025-01-16 12:00:00,2706.496,2719.798,2700.124,2716.954,86580,0,0
2025-01-16 16:00:00,2717.01,2724.82,2714.726,2715.426,47641,0,0
2025-01-16 20:00:00,2715.448,2717.117,2712.481,2714.658,12939,0,0
2025-01-17 00:00:00,2714.704,2717.426,2709.914,2715.513,25829,0,0
2025-01-17 04:00:00,2715.556,2716.595,2708.665,2710.601,27838,0,0
2025-01-17 08:00:00,2710.657,2713.071,2702.911,2708.121,31158,0,0
2025-01-17 12:00:00,2708.082,2715.221,2702.837,2714.323,50828,0,0
2025-01-17 16:00:00,2714.336,2717.341,2702.96,2703.255,22182,0,0
2025-01-17 20:00:00,2703.269,2704.168,2699.322,2702.959,7296,0,0
2025-01-19 20:00:00,2702.709,2703.164,2691.61,2696.504,4805,0,0
2025-01-20 00:00:00,2696.504,2704.031,2689.435,2703.634,21549,0,0
2025-01-20 04:00:00,2703.639,2713.846,2702.359,2703.672,18144,0,0
2025-01-20 08:00:00,2703.651,2712.558,2703.089,2708.417,19759,0,0
2025-01-20 12:00:00,2708.377,2712.069,2702.059,2707.145,55311,0,0
2025-01-20 16:00:00,2707.143,2711.241,2703.229,2709.18,25832,0,0
2025-01-20 20:00:00,2708.468,2711.085,2706.683,2710.525,2936,0,0
2025-01-21 00:00:00,2710.513,2727.026,2702.877,2724.276,33846,0,0
2025-01-21 04:00:00,2724.301,2732.91,2722.775,2729.809,24441,0,0
2025-01-21 08:00:00,2729.781,2730.152,2716.589,2724.078,34581,0,0
2025-01-21 12:00:00,2724.069,2740.464,2722.111,2738.856,40842,0,0
2025-01-21 16:00:00,2738.872,2746.043,2737.891,2742.918,23486,0,0
2025-01-21 20:00:00,2742.899,2745.943,2740.164,2744.339,12488,0,0
2025-01-22 00:00:00,2744.389,2751.164,2742.793,2750.346,32888,0,0
2025-01-22 04:00:00,2750.318,2758.911,2745.629,2748.861,36502,0,0
2025-01-22 08:00:00,2748.898,2763.537,2746.85,2756.614,38307,0,0
2025-01-22 12:00:00,2756.652,2761.686,2750.409,2759.431,69077,0,0
2025-01-22 16:00:00,2759.469,2760.35,2754.965,2755.389,32283,0,0
2025-01-22 20:00:00,2755.349,2757.207,2753.96,2755.663,11986,0,0
2025-01-23 00:00:00,2755.643,2756.38,2749.583,2750.052,30262,0,0
2025-01-23 04:00:00,2750.103,2755.646,2749.852,2752.763,31157,0,0
2025-01-23 08:00:00,2752.815,2754.869,2740.924,2751.978,38789,0,0
2025-01-23 12:00:00,2751.953,2753.466,2735.85,2746.504,76072,0,0
2025-01-23 16:00:00,2746.431,2759.046,2744.279,2754.253,43267,0,0
2025-01-23 20:00:00,2754.21,2755.716,2751.386,2754.623,15430,0,0
2025-01-24 00:00:00,2754.626,2777.526,2754.409,2772.388,43077,0,0
2025-01-24 04:00:00,2772.36,2778.449,2770.607,2772.755,39082,0,0
2025-01-24 08:00:00,2772.796,2780.273,2770.034,2776.697,35617,0,0
2025-01-24 12:00:00,2776.792,2786.093,2773.803,2776.053,58226,0,0
2025-01-24 16:00:00,2775.998,2777.644,2769.974,2774.708,36541,0,0
2025-01-24 20:00:00,2774.723,2774.878,2770.534,2771.159,9528,0,0
2025-01-26 20:00:00,2765.73,2769.801,2765.265,2767.633,8225,0,0
2025-01-27 00:00:00,2767.634,2772.621,2753.951,2761.197,45529,0,0
2025-01-27 04:00:00,2761.146,2761.155,2747.269,2749.558,39633,0,0
2025-01-27 08:00:00,2749.516,2772.188,2749.371,2771.326,57121,0,0
2025-01-27 12:00:00,2771.38,2771.706,2739.579,2742.164,70860,0,0
2025-01-27 16:00:00,2742.132,2743.253,2730.532,2739.408,49980,0,0
2025-01-27 20:00:00,2739.433,2745.405,2738.227,2741.79,16496,0,0
2025-01-28 00:00:00,2741.823,2745.412,2737.895,2738.884,29942,0,0
2025-01-28 04:00:00,2738.886,2744.974,2738.41,2738.99,30108,0,0
2025-01-28 08:00:00,2739.016,2745.252,2734.842,2742.873,39134,0,0
2025-01-28 12:00:00,2742.789,2757.284,2741.236,2755.41,53989,0,0
2025-01-28 16:00:00,2755.405,2765.091,2755.302,2764.908,39684,0,0
2025-01-28 20:00:00,2764.868,2765.149,2762.467,2762.784,12381,0,0
2025-01-29 00:00:00,2762.781,2766.351,2762.314,2762.854,22885,0,0
2025-01-29 04:00:00,2762.846,2764.436,2757.494,2759.154,28859,0,0
2025-01-29 08:00:00,2759.198,2766.163,2757.087,2759.074,34751,0,0
2025-01-29 12:00:00,2759.036,2761.188,2748.286,2754.19,62076,0,0
2025-01-29 16:00:00,2754.23,2757.968,2744.824,2755.298,55315,0,0
2025-01-29 20:00:00,2755.26,2760.765,2752.825,2760.387,22854,0,0
2025-01-30 00:00:00,2760.323,2762.657,2759.003,2761.815,22069,0,0
2025-01-30 04:00:00,2761.779,2769.608,2758.713,2769.196,23820,0,0
2025-01-30 08:00:00,2769.213,2779.512,2768.402,2777.779,28239,0,0
2025-01-30 12:00:00,2777.766,2796.858,2776.141,2795.491,70471,0,0
2025-01-30 16:00:00,2795.468,2798.585,2788.877,2793.443,59734,0,0
2025-01-30 20:00:00,2793.423,2798.556,2790.829,2796.226,30179,0,0
2025-01-31 00:00:00,2796.263,2799.738,2794.49,2796.533,29041,0,0
2025-01-31 04:00:00,2796.492,2801.145,2792.183,2798.312,31601,0,0
2025-01-31 08:00:00,2798.285,2800.947,2791.105,2800.275,40746,0,0
2025-01-31 12:00:00,2800.245,2817.324,2800.044,2809.31,70243,0,0
2025-01-31 16:00:00,2809.209,2816.373,2795.33,2796.34,92397,0,0
2025-01-31 20:00:00,2796.383,2802.645,2794.109,2799.428,29716,0,0
2025-02-02 20:00:00,2801.098,2804.733,2784.372,2793.789,36924,0,0
2025-02-03 00:00:00,2793.806,2796.578,2772.232,2774.534,89198,0,0
2025-02-03 04:00:00,2774.537,2789.944,2774.272,2789.36,58354,0,0
2025-02-03 08:00:00,2789.4,2804.384,2787.045,2801.204,54540,0,0
2025-02-03 12:00:00,2801.249,2830.666,2800.506,2817.536,104386,0,0
2025-02-03 16:00:00,2817.503,2825.4,2812.848,2818.348,62681,0,0
2025-02-03 20:00:00,2818.322,2819.588,2811.968,2814.103,23972,0,0
2025-02-04 00:00:00,2814.065,2824.806,2812.73,2821.483,39702,0,0
2025-02-04 04:00:00,2821.401,2821.56,2807.28,2812.807,58030,0,0
2025-02-04 08:00:00,2812.843,2821.963,2810.186,2815.524,55746,0,0
2025-02-04 12:00:00,2815.543,2845.584,2814.519,2835.994,94034,0,0
2025-02-04 16:00:00,2835.935,2845.087,2832.539,2843.137,49558,0,0
2025-02-04 20:00:00,2843.172,2844.997,2840.466,2841.286,15890,0,0
2025-02-05 00:00:00,2841.34,2854.401,2839.771,2852.418,51965,0,0
2025-02-05 04:00:00,2852.414,2864.294,2851.928,2864.254,34111,0,0
2025-02-05 08:00:00,2864.213,2877.165,2863.61,2868.738,40959,0,0
2025-02-05 12:00:00,2868.693,2882.505,2858.678,2880.303,78922,0,0
2025-02-05 16:00:00,2880.343,2881.291,2862.761,2863.592,63133,0,0
2025-02-05 20:00:00,2863.566,2871.065,2859.962,2869.359,21970,0,0
2025-02-06 00:00:00,2869.352,2873.407,2863.75,2869.485,41751,0,0
2025-02-06 04:00:00,2869.433,2872.446,2855.065,2855.917,42928,0,0
2025-02-06 08:00:00,2855.878,2867.422,2848.92,2866.052,54526,0,0
2025-02-06 12:00:00,2866.046,2870.392,2834.135,2850.675,93038,0,0
2025-02-06 16:00:00,2850.635,2854.823,2848.126,2853.826,43751,0,0
2025-02-06 20:00:00,2853.871,2858.858,2853.655,2858.08,14634,0,0
2025-02-07 00:00:00,2858.074,2870.725,2857.793,2867.268,31248,0,0
2025-02-07 04:00:00,2867.227,2869.695,2859.027,2864.294,32287,0,0
2025-02-07 08:00:00,2864.348,2870.718,2863.294,2867.708,38722,0,0
2025-02-07 12:00:00,2867.755,2886.831,2852.522,2880.397,93534,0,0
2025-02-07 16:00:00,2880.433,2881.618,2853.406,2860.226,64287,0,0
2025-02-07 20:00:00,2860.186,2863.862,2859.451,2861.086,13953,0,0
2025-02-09 20:00:00,2861.349,2870.67,2860.216,2867.575,7916,0,0
2025-02-10 00:00:00,2867.619,2876.691,2865.91,2875.652,38048,0,0
2025-02-10 04:00:00,2875.624,2896.682,2874.398,2895.552,37858,0,0
2025-02-10 08:00:00,2895.512,2906.347,2892.293,2904.613,47909,0,0
2025-02-10 12:00:00,2904.608,2912.142,2896.34,2909.01,76199,0,0
2025-02-10 16:00:00,2909.057,2910.398,2896.712,2904.443,38459,0,0
2025-02-10 20:00:00,2904.449,2921.755,2902.96,2917.927,20749,0,0
2025-02-11 00:00:00,2917.974,2942.762,2905.477,2919.796,82222,0,0
2025-02-11 04:00:00,2919.831,2929.516,2907.204,2913.472,54632,0,0
2025-02-11 08:00:00,2913.398,2915.383,2901.944,2904.061,61679,0,0
2025-02-11 12:00:00,2904.096,2906.644,2881.831,2904.874,103959,0,0
2025-02-11 16:00:00,2904.914,2908.769,2899.642,2900.162,41889,0,0
2025-02-11 20:00:00,2900.165,2900.986,2894.098,2898.616,16712,0,0
2025-02-12 00:00:00,2898.642,2898.907,2883.84,2889.081,46564,0,0
2025-02-12 04:00:00,2889.078,2895.927,2883.717,2892.853,38177,0,0
2025-02-12 08:00:00,2892.89,2894.224,2879.397,2879.81,37645,0,0
2025-02-12 12:00:00,2879.891,2898.094,2864.226,2894.633,90292,0,0
2025-02-12 16:00:00,2894.593,2909.347,2892.142,2897.985,42488,0,0
2025-02-12 20:00:00,2898.016,2906.483,2895.597,2905.861,14217,0,0
2025-02-13 00:00:00,2905.836,2918.249,2901.517,2916.519,33794,0,0
2025-02-13 04:00:00,2916.571,2922.881,2912.611,2914.649,35159,0,0
2025-02-13 08:00:00,2914.687,2919.569,2909.544,2917.953,39522,0,0
2025-02-13 12:00:00,2917.989,2921.466,2905.842,2920.235,67530,0,0
2025-02-13 16:00:00,2920.346,2927.482,2912.967,2926.892,36570,0,0
2025-02-13 20:00:00,2926.905,2932.564,2924.957,2931.297,15409,0,0
2025-02-14 00:00:00,2931.272,2933.959,2923.244,2924.41,33512,0,0
2025-02-14 04:00:00,2924.375,2936.922,2923.842,2931.933,36331,0,0
2025-02-14 08:00:00,2931.89,2940.085,2929.326,2931.261,38885,0,0
2025-02-14 12:00:00,2931.216,2933.437,2892.95,2902.019,105401,0,0
2025-02-14 16:00:00,2901.907,2903.995,2878.771,2880.579,61640,0,0
2025-02-14 20:00:00,2880.548,2886.289,2877.071,2882.852,14424,0,0
2025-02-16 20:00:00,2893.723,2894.114,2878.51,2879.301,16151,0,0
2025-02-17 00:00:00,2879.334,2904.676,2879.334,2903.683,38125,0,0
2025-02-17 04:00:00,2903.633,2905.487,2888.291,2902.58,34928,0,0
2025-02-17 08:00:00,2902.59,2906.535,2895.124,2901.072,39900,0,0
2025-02-17 12:00:00,2901.059,2904.279,2895.53,2899.291,44365,0,0
2025-02-17 16:00:00,2899.39,2901.42,2896.568,2897.472,18278,0,0
2025-02-17 20:00:00,2899.182,2899.562,2897.189,2899.453,2069,0,0
2025-02-18 00:00:00,2899.405,2910.946,2892.083,2909.096,26473,0,0
2025-02-18 04:00:00,2909.076,2915.709,2907.253,2911.581,26146,0,0
2025-02-18 08:00:00,2911.671,2914.966,2907.149,2914.239,26231,0,0
2025-02-18 12:00:00,2914.293,2929.689,2912.158,2927.1,47608,0,0
2025-02-18 16:00:00,2927.066,2937.074,2924.295,2935.901,33095,0,0
2025-02-18 20:00:00,2935.912,2936.867,2932.473,2934.141,11034,0,0
2025-02-19 00:00:00,2934.139,2939.73,2924.11,2928.905,28803,0,0
2025-02-19 04:00:00,2928.908,2935.967,2926.567,2934.33,24992,0,0
2025-02-19 08:00:00,2934.29,2947.121,2933.798,2935.167,32724,0,0
2025-02-19 12:00:00,2935.139,2941.69,2925.556,2925.81,57267,0,0
2025-02-19 16:00:00,2925.836,2932.418,2918.604,2931.834,43522,0,0
2025-02-19 20:00:00,2931.795,2937.541,2931.37,2935.464,13375,0,0
2025-02-20 00:00:00,2935.466,2944.163,2933.935,2941.993,29379,0,0
2025-02-20 04:00:00,2942.013,2954.296,2939.347,2948.974,23350,0,0
2025-02-20 08:00:00,2949.046,2955.055,2947.252,2948.848,27912,0,0
2025-02-20 12:00:00,2948.823,2950.868,2924.194,2938.625,67699,0,0
2025-02-20 16:00:00,2938.583,2947.076,2933.652,2938.002,36464,0,0
2025-02-20 20:00:00,2938.114,2943.491,2935.606,2941.61,14001,0,0
2025-02-21 00:00:00,2941.65,2949.828,2926.366,2931.342,44483,0,0
2025-02-21 04:00:00,2931.342,2934.119,2924.266,2930.15,31300,0,0
2025-02-21 08:00:00,2930.094,2936.207,2916.762,2928.456,30943,0,0
2025-02-21 12:00:00,2928.491,2939.171,2921.627,2928.776,53672,0,0
2025-02-21 16:00:00,2928.727,2942.884,2927.405,2933.478,33472,0,0
2025-02-21 20:00:00,2933.454,2938.307,2932.224,2936.533,11768,0,0
2025-02-23 20:00:00,2939.491,2940.613,2936.578,2936.947,6014,0,0
2025-02-24 00:00:00,2936.943,2944.919,2921.396,2941.184,51069,0,0
2025-02-24 04:00:00,2941.213,2945.084,2935.316,2943.889,29627,0,0
2025-02-24 08:00:00,2943.93,2948.817,2934.972,2947.866,29237,0,0
2025-02-24 12:00:00,2947.789,2956.309,2930.734,2936.604,55904,0,0
2025-02-24 16:00:00,2936.58,2949.982,2936.555,2949.236,30329,0,0
2025-02-24 20:00:00,2949.294,2953.978,2947.118,2950.076,13639,0,0
2025-02-25 00:00:00,2950.037,2952.632,2937.615,2939.593,29800,0,0
2025-02-25 04:00:00,2939.642,2941.044,2930.598,2931.771,28637,0,0
2025-02-25 08:00:00,2931.842,2942.511,2929.595,2938.706,28479,0,0
2025-02-25 12:00:00,2938.759,2945.029,2900.578,2905.946,85068,0,0
2025-02-25 16:00:00,2905.972,2913.979,2888.309,2912.131,56139,0,0
2025-02-25 20:00:00,2912.154,2919.131,2910.897,2918.684,16543,0,0
2025-02-26 00:00:00,2918.711,2930.242,2914.85,2917.375,31032,0,0
2025-02-26 04:00:00,2917.344,2921.106,2905.937,2915.609,27067,0,0
2025-02-26 08:00:00,2915.584,2919.046,2909.596,2913.895,27338,0,0
2025-02-26 12:00:00,2913.856,2915.551,2890.749,2913.279,61095,0,0
2025-02-26 16:00:00,2913.326,2916.762,2910.004,2914.014,33373,0,0
2025-02-26 20:00:00,2914.001,2920.872,2912.076,2919.198,12478,0,0
2025-02-27 00:00:00,2919.255,2919.255,2904.407,2905.809,29342,0,0
2025-02-27 04:00:00,2905.848,2906.635,2888.004,2892.068,43176,0,0
2025-02-27 08:00:00,2892.024,2895.062,2877.03,2884.024,43603,0,0
2025-02-27 12:00:00,2884.134,2892.532,2867.801,2872.472,86968,0,0
2025-02-27 16:00:00,2872.439,2887.797,2871.902,2879.29,41227,0,0
2025-02-27 20:00:00,2879.328,2879.418,2871.408,2876.143,21612,0,0
2025-02-28 00:00:00,2876.149,2885.114,2863.761,2865.831,38123,0,0
2025-02-28 04:00:00,2865.811,2867.052,2857.029,2858.758,40326,0,0
2025-02-28 08:00:00,2858.719,2865.004,2851.137,2862.254,31923,0,0
2025-02-28 12:00:00,2862.296,2865.07,2832.658,2850.25,74800,0,0
2025-02-28 16:00:00,2850.273,2853.988,2838.151,2849.687,46221,0,0
2025-02-28 20:00:00,2849.633,2859.777,2847.87,2858.322,13068,0,0
2025-03-02 20:00:00,2873.636,2877.064,2864.048,2870.879,13996,0,0
2025-03-03 00:00:00,2870.946,2872.135,2859.331,2864.868,36100,0,0
2025-03-03 04:00:00,2864.93,2868.62,2860.173,2863.288,24722,0,0
2025-03-03 08:00:00,2863.344,2875.493,2858.91,2874.488,30764,0,0
2025-03-03 12:00:00,2874.461,2890.688,2868.914,2887.851,55019,0,0
2025-03-03 16:00:00,2887.942,2893.233,2879.803,2881.692,37428,0,0
2025-03-03 20:00:00,2881.735,2895.347,2878.383,2890.966,21226,0,0
2025-03-04 00:00:00,2890.943,2893.814,2881.958,2888.686,30419,0,0
2025-03-04 04:00:00,2888.65,2901.56,2884.471,2900.003,29083,0,0
2025-03-04 08:00:00,2899.988,2921.853,2896.787,2920.018,38789,0,0
2025-03-04 12:00:00,2920.1,2927.971,2900.39,2906.182,70771,0,0
2025-03-04 16:00:00,2906.167,2916.581,2903.774,2916.169,37254,0,0
2025-03-04 20:00:00,2916.129,2920.617,2913.349,2914.443,16623,0,0
2025-03-05 00:00:00,2914.442,2917.256,2902.204,2908.823,42847,0,0
2025-03-05 04:00:00,2908.794,2921.707,2908.626,2918.069,30881,0,0
2025-03-05 08:00:00,2918.027,2922.611,2909.09,2913.307,38040,0,0
2025-03-05 12:00:00,2913.358,2923.858,2894.383,2917.278,87331,0,0
2025-03-05 16:00:00,2917.237,2930.122,2911.3,2920.631,51467,0,0
2025-03-05 20:00:00,2920.592,2923.223,2916.791,2918.316,14179,0,0
2025-03-06 00:00:00,2918.317,2926.664,2915.964,2921.341,26153,0,0
2025-03-06 04:00:00,2921.307,2923.148,2909.868,2910.217,30532,0,0
2025-03-06 08:00:00,2910.26,2911.61,2891.239,2905.794,49621,0,0
2025-03-06 12:00:00,2905.84,2922.84,2899.31,2914.577,70933,0,0
2025-03-06 16:00:00,2914.61,2921.483,2912.417,2914.12,38752,0,0
2025-03-06 20:00:00,2914.093,2916.705,2908.456,2910.434,16907,0,0
2025-03-07 00:00:00,2910.378,2910.406,2896.749,2905.418,47735,0,0
2025-03-07 04:00:00,2905.342,2917.359,2904.827,2917.178,31880,0,0
2025-03-07 08:00:00,2917.218,2923.057,2915.326,2918.78,34217,0,0
2025-03-07 12:00:00,2918.876,2930.605,2903.65,2915.899,90236,0,0
2025-03-07 16:00:00,2915.863,2919.531,2901.94,2905.309,57810,0,0
2025-03-07 20:00:00,2905.279,2912.731,2904.796,2911.336,10885,0,0
2025-03-09 20:00:00,2912.427,2917.105,2909.688,2916.269,10291,0,0
2025-03-10 00:00:00,2916.27,2918.392,2908.208,2911.023,35725,0,0
2025-03-10 04:00:00,2911.062,2915.497,2904.332,2908.524,27462,0,0
2025-03-10 08:00:00,2908.467,2915.527,2895.686,2904.107,51497,0,0
2025-03-10 12:00:00,2904.109,2910.699,2897.733,2904.531,77966,0,0
2025-03-10 16:00:00,2904.571,2906.945,2880.246,2885.55,55153,0,0
2025-03-10 20:00:00,2885.529,2890.243,2882.412,2884.765,12054,0,0
2025-03-11 00:00:00,2884.804,2900.536,2880.201,2896.99,37497,0,0
2025-03-11 04:00:00,2896.99,2903.633,2892.76,2901.089,30167,0,0
2025-03-11 08:00:00,2901.132,2915.536,2900.482,2913.748,28206,0,0
2025-03-11 12:00:00,2913.731,2922.342,2906.869,2916.955,56669,0,0
2025-03-11 16:00:00,2916.913,2921.465,2914.151,2918.483,28484,0,0
2025-03-11 20:00:00,2918.445,2919.669,2914.5,2915.631,9936,0,0
2025-03-12 00:00:00,2915.669,2920.1,2910.918,2915.021,23661,0,0
2025-03-12 04:00:00,2915.057,2921.185,2908.984,2914.542,28199,0,0
2025-03-12 08:00:00,2914.507,2925.452,2912.718,2915.384,32500,0,0
2025-03-12 12:00:00,2915.388,2929.524,2906.05,2928.435,66269,0,0
2025-03-12 16:00:00,2928.537,2940.697,2927.97,2931.402,40114,0,0
2025-03-12 20:00:00,2931.369,2939.433,2930.911,2938.119,11162,0,0
2025-03-13 00:00:00,2938.105,2947.231,2936.519,2945.716,24258,0,0
2025-03-13 04:00:00,2945.681,2946.243,2933.0,2935.332,25460,0,0
2025-03-13 08:00:00,2935.367,2948.965,2934.844,2946.413,27176,0,0
2025-03-13 12:00:00,2946.451,2978.566,2939.015,2977.852,73261,0,0
2025-03-13 16:00:00,2977.877,2985.554,2976.443,2983.026,44775,0,0
2025-03-13 20:00:00,2983.053,2990.023,2981.336,2986.515,12987,0,0
2025-03-14 00:00:00,2986.553,2993.036,2981.797,2992.706,34445,0,0
2025-03-14 04:00:00,2992.677,2994.008,2980.918,2986.972,29279,0,0
2025-03-14 08:00:00,2987.001,3004.998,2985.28,2993.583,36429,0,0
2025-03-14 12:00:00,2993.557,2999.753,2978.476,2984.687,69136,0,0
2025-03-14 16:00:00,2984.649,2990.509,2982.22,2984.085,27433,0,0
2025-03-14 20:00:00,2984.065,2988.892,2981.757,2986.45,3461,0,0
2025-03-16 20:00:00,2987.681,2994.198,2986.134,2990.141,7871,0,0
2025-03-17 00:00:00,2990.045,2993.177,2985.3,2986.997,24429,0,0
2025-03-17 04:00:00,2987.023,2990.815,2982.238,2985.618,19465,0,0
2025-03-17 08:00:00,2985.586,3001.297,2983.108,2997.555,22029,0,0
2025-03-17 12:00:00,2997.595,3000.592,2984.8,2997.202,52910,0,0
2025-03-17 16:00:00,2997.249,3000.918,2993.107,3000.253,23582,0,0
2025-03-17 20:00:00,3000.294,3002.863,2999.663,2999.911,7164,0,0
2025-03-18 00:00:00,2999.883,3015.134,2999.57,3011.413,28019,0,0
2025-03-18 04:00:00,3011.42,3019.035,3006.146,3016.496,26816,0,0
2025-03-18 08:00:00,3016.54,3029.613,3016.409,3026.919,28729,0,0
2025-03-18 12:00:00,3026.922,3038.414,3024.8,3031.838,60172,0,0
2025-03-18 16:00:00,3031.799,3038.013,3029.821,3035.695,26579,0,0
2025-03-18 20:00:00,3035.723,3036.054,3031.592,3031.854,7867,0,0
2025-03-19 00:00:00,3031.881,3039.109,3027.4,3036.405,20194,0,0
2025-03-19 04:00:00,3036.371,3045.442,3034.336,3035.976,31322,0,0
2025-03-19 08:00:00,3036.029,3040.029,3022.818,3039.026,28243,0,0
2025-03-19 12:00:00,3039.035,3041.232,3025.925,3031.538,42505,0,0
2025-03-19 16:00:00,3031.562,3052.062,3029.443,3047.938,44239,0,0
2025-03-19 20:00:00,3047.898,3051.415,3044.285,3050.106,10350,0,0
2025-03-20 00:00:00,3050.103,3056.257,3045.098,3050.044,34924,0,0
2025-03-20 04:00:00,3050.148,3057.564,3041.86,3042.367,32523,0,0
2025-03-20 08:00:00,3042.309,3046.334,3025.715,3034.513,40475,0,0
2025-03-20 12:00:00,3034.547,3042.409,3029.963,3040.845,50196,0,0
2025-03-20 16:00:00,3040.882,3046.174,3033.964,3044.682,28098,0,0
2025-03-20 20:00:00,3044.641,3046.678,3043.583,3046.489,7014,0,0
2025-03-21 00:00:00,3046.415,3047.515,3030.054,3030.665,25611,0,0
2025-03-21 04:00:00,3030.619,3034.019,3021.633,3032.007,27899,0,0
2025-03-21 08:00:00,3032.071,3037.75,3027.14,3034.412,28002,0,0
2025-03-21 12:00:00,3034.462,3038.208,2999.465,3011.152,78191,0,0
2025-03-21 16:00:00,3011.117,3022.102,3010.74,3020.081,30119,0,0
2025-03-21 20:00:00,3020.117,3024.354,3020.054,3023.573,3767,0,0
2025-03-23 20:00:00,3023.521,3026.411,3022.223,3024.801,6790,0,0
2025-03-24 00:00:00,3024.789,3025.728,3013.726,3017.043,31894,0,0
2025-03-24 04:00:00,3017.082,3028.994,3016.604,3022.441,24555,0,0
2025-03-24 08:00:00,3022.409,3033.288,3021.919,3024.722,29521,0,0
2025-03-24 12:00:00,3024.682,3028.713,3005.825,3014.116,51214,0,0
2025-03-24 16:00:00,3014.077,3015.742,3002.546,3006.213,30563,0,0
2025-03-24 20:00:00,3006.176,3014.71,3005.639,3009.99,8763,0,0
2025-03-25 00:00:00,3010.025,3016.302,3007.587,3015.328,21463,0,0
2025-03-25 04:00:00,3015.364,3021.089,3010.601,3011.21,20140,0,0
2025-03-25 08:00:00,3011.231,3026.516,3010.761,3020.855,25582,0,0
2025-03-25 12:00:00,3020.818,3036.067,3014.188,3021.641,51510,0,0
2025-03-25 16:00:00,3021.672,3025.624,3017.801,3019.67,23082,0,0
2025-03-25 20:00:00,3019.696,3022.558,3018.847,3021.121,6378,0,0
2025-03-26 00:00:00,3021.117,3027.215,3016.474,3017.696,26360,0,0
2025-03-26 04:00:00,3017.624,3030.868,3013.298,3030.551,24938,0,0
2025-03-26 08:00:00,3030.589,3032.122,3016.966,3027.675,26113,0,0
2025-03-26 12:00:00,3027.62,3030.051,3012.405,3015.958,41793,0,0
2025-03-26 16:00:00,3015.991,3020.941,3015.238,3017.422,23334,0,0
2025-03-26 20:00:00,3017.447,3021.928,3017.242,3021.703,11610,0,0
2025-03-27 00:00:00,3021.643,3034.366,3021.602,3033.648,26133,0,0
2025-03-27 04:00:00,3033.69,3038.712,3026.755,3035.93,31987,0,0
2025-03-27 08:00:00,3035.907,3055.978,3033.839,3054.646,37307,0,0
2025-03-27 12:00:00,3054.628,3059.965,3033.486,3052.286,72073,0,0
2025-03-27 16:00:00,3052.203,3054.332,3047.881,3049.877,12103,0,0
